,DNA_LCS_comparison
0,GCCGGGGGGGGGGGGGGGGGGGGGGGAATTTAAAAA
1,GCCGGGGGGGGGGGGGGGGGGGGGGGAATTTAAAAA
2,GCCGGGGGGGGGGGGGGGGGGGGGGGAATTTAAAAA
3,GCCGGGGGGGGGGGGGGGGGGGGGGGAATTTAAAAA
4,GCCGGGGGGGGGGGGGGGGGGGGGGGAATTTAAAAA
5,GCCGGGGGGGGGGGGGGGGGGGGGGGAATTTAAAAA
6,GCCGGGGGGGGGGGGGGGGGGGGGGGAATTTAAAAA
7,GCCGGGGGGGGGGGGGGGGGGGGGGGAATTTAAAAA
8,GCCGGGGGGGGGGGGGGGGGGGGGGGAATTTAAAAA
9,GCCGGGGGGGGGGGGGGGGGGGGGGGAATTTAAAAA
10,GCCGGGGGGGGGGGGGGGGGGGGGGGAATTTAAAAA
11,GCCGGGGGGGGGGGGGGGGGGGGGGGAATTTAAAAA
12,GCCGGGGGGGGGGGGGGGGGGGGGGGAATTTAAAAA
13,GCCGGGGGGGGGGGGGGGGGGGGGGGAATTTAAAAA
14,GCCGGGGGGGGGGGGGGGGGGGGGGGAATTTAAAAA
15,GCCGGGGGGGGGGGGGGGGGGGGGGGAATTTAAAAA
16,GCCGGGGGGGGGGGGGGGGGGGGGGGAATTTAAAAA
17,GCCGGGGGGGGGGGGGGGGGGGGGGGAATTTAAAAA
18,GCCGGGGGGGGGGGGGGGGGGGGGGGAATTTAAAAA
19,GCCGGGGGGGGGGGGGGGGGGGGGGGAATTTAAAAA
20,GCCGGGGGGGGGGGGGGGGGGGGGGGAATTTAAAAA
21,GCCGGGGGGGGGGGGGGGGGGGGGGGAATTTAAAAA
22,GCCGGGGGGGGGGGGGGGGGGGGGGGAATTTAAAAA
23,GCCGGGGGGGGGGGGGGGGGGGGGGGAATTTAAAAA
24,GCCGGGGGGGGGGGGGGGGGGGGGGGAATTTAAAAA
25,GCCGGGGGGGGGGGGGGGGGGGGGGGAATTTAAAAA
26,GCCGGGGGGGGGGGGGGGGGGGGGGGAATTTAAAAA
27,GCCGGGGGGGGGGGGGGGGGGGGGGGAATTTAAAAA
28,GCCGGGGGGGGGGGGGGGGGGGGGGGAATTTAAAAA
29,GCCGGGGGGGGGGGGGGGGGGGGGGGAATTTAAAAA
30,GCCGGGGGGGGGGGGGGGGGGGGGGGAATTTAAAAA
31,GCCGGGGGGGGGGGGGGGGGGGGGGGAATTTAAAAA
32,GCCGGGGGGGGGGGGGGGGGGGGGGGAATTTAAAAA
33,GCCGGGGGGGGGGGGGGGGGGGGGGGAATTTAAAAA
34,GCCGGGGGGGGGGGGGGGGGGGGGGGAATTTAAAAA
35,GCCGGGGGGGGGGGGGGGGGGGGGGGAATTTAAAAA
36,GCCGGGGGGGGGGGGGGGGGGGGGGGAATTTAAAAA
37,GCCGGGGGGGGGGGGGGGGGGGGGGGAATTTAAAAA
38,GCCGGGGGGGGGGGGGGGGGGGGGGGAATTTAAAAA
39,GCCGGGGGGGGGGGGGGGGGGGGGGGAATTTAAAAA
40,GCCGGGGGGGGGGGGGGGGGGGGGGGAATTTAAAAA
41,GCCGGGGGGGGGGGGGGGGGGGGGGGAATTTAAAAA
42,GCCGGGGGGGGGGGGGGGGGGGGGGGAATTTAAAAA
43,GCCGGGGGGGGGGGGGGGGGGGGGGGAATTTAAAAA
44,GCCGGGGGGGGGGGGGGGGGGGGGGGAATTTAAAAA
45,GCCGGGGGGGGGGGGGGGGGGGGGGGAATTTAAAAA
46,GCCGGGGGGGGGGGGGGGGGGGGGGGAATTTAAAAA
47,GCCGGGGGGGGGGGGGGGGGGGGGGGAATTTAAAAA
48,GCCGGGGGGGGGGGGGGGGGGGGGGGAATTTAAAAA
49,GCCGGGGGGGGGGGGGGGGGGGGGGGAATTTAAAAA
50,GCCGGGGGGGGGGGGGGGGGGGGGGGAATTTAAAAA
51,GCCGGGGGGGGGGGGGGGGGGGGGGGAATTTAAAAA
52,GCCGGGGGGGGGGGGGGGGGGGGGGGAATTTAAAAA
53,GCCGGGGGGGGGGGGGGGGGGGGGGGAATTTAAAAA
54,GCCGGGGGGGGGGGGGGGGGGGGGGGAATTTAAAAA
55,GCCGGGGGGGGGGGGGGGGGGGGGGGAATTTAAAAA
56,GCCGGGGGGGGGGGGGGGGGGGGGGGAATTTAAAAA
57,GCCGGGGGGGGGGGGGGGGGGGGGGGAATTTAAAAA
58,GCCGGGGGGGGGGGGGGGGGGGGGGGAATTTAAAAA
59,GCCGGGGGGGGGGGGGGGGGGGGGGGAATTTAAAAA
60,GCCGGGGGGGGGGGGGGGGGGGGGGGAATTTAAAAA
61,GCCGGGGGGGGGGGGGGGGGGGGGGGAATTTAAAAA
62,GCCGGGGGGGGGGGGGGGGGGGGGGGAATTTAAAAA
63,GCCGGGGGGGGGGGGGGGGGGGGGGGAATTTAAAAA
64,GCCGGGGGGGGGGGGGGGGGGGGGGGAATTTAAAAA
65,GCCGGGGGGGGGGGGGGGGGGGGGGGAATTTAAAAA
66,GCCGGGGGGGGGGGGGGGGGGGGGGGAATTTAAAAA
67,GCCGGGGGGGGGGGGGGGGGGGGGGGAATTTAAAAA
68,GCCGGGGGGGGGGGGGGGGGGGGGGGAATTTAAAAA
69,GCCGGGGGGGGGGGGGGGGGGGGGGGAATTTAAAAA
70,GCCGGGGGGGGGGGGGGGGGGGGGGGAATTTAAAAA
71,GCCGGGGGGGGGGGGGGGGGGGGGGGAATTTAAAAA
72,GCCGGGGGGGGGGGGGGGGGGGGGGGAATTTAAAAA
73,GCCGGGGGGGGGGGGGGGGGGGGGGGAATTTAAAAA
74,GCCGGGGGGGGGGGGGGGGGGGGGGGAATTTAAAAA
75,GCCGGGGGGGGGGGGGGGGGGGGGGGAATTTAAAAA
76,GCCGGGGGGGGGGGGGGGGGGGGGGGAATTTAAAAA
77,GCCGGGGGGGGGGGGGGGGGGGGGGGAATTTAAAAA
78,GCCGGGGGGGGGGGGGGGGGGGGGGGAATTTAAAAA
79,GCCGGGGGGGGGGGGGGGGGGGGGGGAATTTAAAAA
80,GCCGGGGGGGGGGGGGGGGGGGGGGGAATTTAAAAA
81,GCCGGGGGGGGGGGGGGGGGGGGGGGAATTTAAAAA
82,GCCGGGGGGGGGGGGGGGGGGGGGGGAATTTAAAAA
83,GCCGGGGGGGGGGGGGGGGGGGGGGGAATTTAAAAA
84,GCCGGGGGGGGGGGGGGGGGGGGGGGAATTTAAAAA
85,GCCGGGGGGGGGGGGGGGGGGGGGGGAATTTAAAAA
86,GCCGGGGGGGGGGGGGGGGGGGGGGGAATTTAAAAA
87,GCCGGGGGGGGGGGGGGGGGGGGGGGAATTTAAAAA
88,GCCGGGGGGGGGGGGGGGGGGGGGGGAATTTAAAAA
89,GCCGGGGGGGGGGGGGGGGGGGGGGGAATTTAAAAA
90,GCCGGGGGGGGGGGGGGGGGGGGGGGAATTTAAAAA
91,GCCGGGGGGGGGGGGGGGGGGGGGGGAATTTAAAAA
92,GCCGGGGGGGGGGGGGGGGGGGGGGGAATTTAAAAA
93,GCCGGGGGGGGGGGGGGGGGGGGGGGAATTTAAAAA
94,GCCGGGGGGGGGGGGGGGGGGGGGGGAATTTAAAAA
95,GCCGGGGGGGGGGGGGGGGGGGGGGGAATTTAAAAA
96,GCCGGGGGGGGGGGGGGGGGGGGGGGAATTTAAAAA
97,GCCGGGGGGGGGGGGGGGGGGGGGGGAATTTAAAAA
98,GCCGGGGGGGGGGGGGGGGGGGGGGGAATTTAAAAA
99,GCCGGGGGGGGGGGGGGGGGGGGGGGAATTTAAAAA
100,GCCGGGGGGGGGGGGGGGGGGGGGGGAATTTAAAAA
101,GCCGGGGGGGGGGGGGGGGGGGGGGGAATTTAAAAA
102,GCCGGGGGGGGGGGGGGGGGGGGGGGAATTTAAAAA
103,GCCGGGGGGGGGGGGGGGGGGGGGGGAATTTAAAAA
104,GCCGGGGGGGGGGGGGGGGGGGGGGGAATTTAAAAA
105,GCCGGGGGGGGGGGGGGGGGGGGGGGAATTTAAAAA
106,GCCGGGGGGGGGGGGGGGGGGGGGGGAATTTAAAAA
107,GCCGGGGGGGGGGGGGGGGGGGGGGGAATTTAAAAA
108,GCCGGGGGGGGGGGGGGGGGGGGGGGAATTTAAAAA
109,GCCGGGGGGGGGGGGGGGGGGGGGGGAATTTAAAAA
110,GCCGGGGGGGGGGGGGGGGGGGGGGGAATTTAAAAA
111,GCCGGGGGGGGGGGGGGGGGGGGGGGAATTTAAAAA
112,GCCGGGGGGGGGGGGGGGGGGGGGGGAATTTAAAAA
113,GCCGGGGGGGGGGGGGGGGGGGGGGGAATTTAAAAA
114,GCCGGGGGGGGGGGGGGGGGGGGGGGAATTTAAAAA
115,GCCGGGGGGGGGGGGGGGGGGGGGGGAATTTAAAAA
116,GCCGGGGGGGGGGGGGGGGGGGGGGGAATTTAAAAA
117,GCCGGGGGGGGGGGGGGGGGGGGGGGAATTTAAAAA
118,GCCGGGGGGGGGGGGGGGGGGGGGGGAATTTAAAAA
119,GCCGGGGGGGGGGGGGGGGGGGGGGGAATTTAAAAA
120,GCCGGGGGGGGGGGGGGGGGGGGGGGAATTTAAAAA
121,GCCGGGGGGGGGGGGGGGGGGGGGGGAATTTAAAAA
122,GCCGGGGGGGGGGGGGGGGGGGGGGGAATTTAAAAA
123,GCCGGGGGGGGGGGGGGGGGGGGGGGAATTTAAAAA
124,GCCGGGGGGGGGGGGGGGGGGGGGGGAATTTAAAAA
125,GCCGGGGGGGGGGGGGGGGGGGGGGGAATTTAAAAA
126,GCCGGGGGGGGGGGGGGGGGGGGGGGAATTTAAAAA
127,GCCGGGGGGGGGGGGGGGGGGGGGGGAATTTAAAAA
128,GCCGGGGGGGGGGGGGGGGGGGGGGGAATTTAAAAA
129,GCCGGGGGGGGGGGGGGGGGGGGGGGAATTTAAAAA
130,GCCGGGGGGGGGGGGGGGGGGGGGGGAATTTAAAAA
131,GCCGGGGGGGGGGGGGGGGGGGGGGGAATTTAAAAA
132,GCCGGGGGGGGGGGGGGGGGGGGGGGAATTTAAAAA
133,GCCGGGGGGGGGGGGGGGGGGGGGGGAATTTAAAAA
134,GCCGGGGGGGGGGGGGGGGGGGGGGGAATTTAAAAA
135,GCCGGGGGGGGGGGGGGGGGGGGGGGAATTTAAAAA
136,GCCGGGGGGGGGGGGGGGGGGGGGGGAATTTAAAAA
137,GCCGGGGGGGGGGGGGGGGGGGGGGGAATTTAAAAA
138,GCCGGGGGGGGGGGGGGGGGGGGGGGAATTTAAAAA
139,GCCGGGGGGGGGGGGGGGGGGGGGGGAATTTAAAAA
140,GCCGGGGGGGGGGGGGGGGGGGGGGGAATTTAAAAA
141,GCCGGGGGGGGGGGGGGGGGGGGGGGAATTTAAAAA
142,GCCGGGGGGGGGGGGGGGGGGGGGGGAATTTAAAAA
143,GCCGGGGGGGGGGGGGGGGGGGGGGGAATTTAAAAA
144,GCCGGGGGGGGGGGGGGGGGGGGGGGAATTTAAAAA
145,GCCGGGGGGGGGGGGGGGGGGGGGGGAATTTAAAAA
146,GCCGGGGGGGGGGGGGGGGGGGGGGGAATTTAAAAA
147,GCCGGGGGGGGGGGGGGGGGGGGGGGAATTTAAAAA
148,GCCGGGGGGGGGGGGGGGGGGGGGGGAATTTAAAAA
149,GCCGGGGGGGGGGGGGGGGGGGGGGGAATTTAAAAA
150,GCCGGGGGGGGGGGGGGGGGGGGGGGAATTTAAAAA
151,GCCGGGGGGGGGGGGGGGGGGGGGGGAATTTAAAAA
152,GCCGGGGGGGGGGGGGGGGGGGGGGGAATTTAAAAA
153,GCCGGGGGGGGGGGGGGGGGGGGGGGAATTTAAAAA
154,GCCGGGGGGGGGGGGGGGGGGGGGGGAATTTAAAAA
155,GCCGGGGGGGGGGGGGGGGGGGGGGGAATTTAAAAA
156,GCCGGGGGGGGGGGGGGGGGGGGGGGAATTTAAAAA
157,GCCGGGGGGGGGGGGGGGGGGGGGGGAATTTAAAAA
158,GCCGGGGGGGGGGGGGGGGGGGGGGGAATTTAAAAA
159,GCCGGGGGGGGGGGGGGGGGGGGGGGAATTTAAAAA
160,GCCGGGGGGGGGGGGGGGGGGGGGGGAATTTAAAAA
161,GCCGGGGGGGGGGGGGGGGGGGGGGGAATTTAAAAA
162,GCCGGGGGGGGGGGGGGGGGGGGGGGAATTTAAAAA
163,GCCGGGGGGGGGGGGGGGGGGGGGGGAATTTAAAAA
164,GCCGGGGGGGGGGGGGGGGGGGGGGGAATTTAAAAA
165,GCCGGGGGGGGGGGGGGGGGGGGGGGAATTTAAAAA
166,GCCGGGGGGGGGGGGGGGGGGGGGGGAATTTAAAAA
167,GCCGGGGGGGGGGGGGGGGGGGGGGGAATTTAAAAA
168,GCCGGGGGGGGGGGGGGGGGGGGGGGAATTTAAAAA
169,GCCGGGGGGGGGGGGGGGGGGGGGGGAATTTAAAAA
170,GCCGGGGGGGGGGGGGGGGGGGGGGGAATTTAAAAA
171,GCCGGGGGGGGGGGGGGGGGGGGGGGAATTTAAAAA
172,GCCGGGGGGGGGGGGGGGGGGGGGGGAATTTAAAAA
173,GCCGGGGGGGGGGGGGGGGGGGGGGGAATTTAAAAA
174,GCCGGGGGGGGGGGGGGGGGGGGGGGAATTTAAAAA
175,GCCGGGGGGGGGGGGGGGGGGGGGGGAATTTAAAAA
176,GCCGGGGGGGGGGGGGGGGGGGGGGGAATTTAAAAA
177,GCCGGGGGGGGGGGGGGGGGGGGGGGAATTTAAAAA
178,GCCGGGGGGGGGGGGGGGGGGGGGGGAATTTAAAAA
179,GCCGGGGGGGGGGGGGGGGGGGGGGGAATTTAAAAA
180,GCCGGGGGGGGGGGGGGGGGGGGGGGAATTTAAAAA
181,GCCGGGGGGGGGGGGGGGGGGGGGGGAATTTAAAAA
182,GCCGGGGGGGGGGGGGGGGGGGGGGGAATTTAAAAA
183,GCCGGGGGGGGGGGGGGGGGGGGGGGAATTTAAAAA
184,GCCGGGGGGGGGGGGGGGGGGGGGGGAATTTAAAAA
185,GCCGGGGGGGGGGGGGGGGGGGGGGGAATTTAAAAA
186,GCCGGGGGGGGGGGGGGGGGGGGGGGAATTTAAAAA
187,GCCGGGGGGGGGGGGGGGGGGGGGGGAATTTAAAAA
188,GCCGGGGGGGGGGGGGGGGGGGGGGGAATTTAAAAA
189,GCCGGGGGGGGGGGGGGGGGGGGGGGAATTTAAAAA
190,GCCGGGGGGGGGGGGGGGGGGGGGGGAATTTAAAAA
191,GCCGGGGGGGGGGGGGGGGGGGGGGGAATTTAAAAA
192,GCCGGGGGGGGGGGGGGGGGGGGGGGAATTTAAAAA
193,GCCGGGGGGGGGGGGGGGGGGGGGGGAATTTAAAAA
194,GCCGGGGGGGGGGGGGGGGGGGGGGGAATTTAAAAA
195,GCCGGGGGGGGGGGGGGGGGGGGGGGAATTTAAAAA
196,GCCGGGGGGGGGGGGGGGGGGGGGGGAATTTAAAAA
197,GCCGGGGGGGGGGGGGGGGGGGGGGGAATTTAAAAA
198,GCCGGGGGGGGGGGGGGGGGGGGGGGAATTTAAAAA
199,GCCGGGGGGGGGGGGGGGGGGGGGGGAATTTAAAAA
200,GCCGGGGGGGGGGGGGGGGGGGGGGGAATTTAAAAA
201,GCCGGGGGGGGGGGGGGGGGGGGGGGAATTTAAAAA
202,GCCGGGGGGGGGGGGGGGGGGGGGGGAATTTAAAAA
203,GCCGGGGGGGGGGGGGGGGGGGGGGGAATTTAAAAA
204,GCCGGGGGGGGGGGGGGGGGGGGGGGAATTTAAAAA
205,GCCGGGGGGGGGGGGGGGGGGGGGGGAATTTAAAAA
206,GCCGGGGGGGGGGGGGGGGGGGGGGGAATTTAAAAA
207,GCCGGGGGGGGGGGGGGGGGGGGGGGAATTTAAAAA
208,GCCGGGGGGGGGGGGGGGGGGGGGGGAATTTAAAAA
209,GCCGGGGGGGGGGGGGGGGGGGGGGGAATTTAAAAA
210,GCCGGGGGGGGGGGGGGGGGGGGGGGAATTTAAAAA
211,GCCGGGGGGGGGGGGGGGGGGGGGGGAATTTAAAAA
212,GCCGGGGGGGGGGGGGGGGGGGGGGGAATTTAAAAA
213,GCCGGGGGGGGGGGGGGGGGGGGGGGAATTTAAAAA
214,GCCGGGGGGGGGGGGGGGGGGGGGGGAATTTAAAAA
215,GCCGGGGGGGGGGGGGGGGGGGGGGGAATTTAAAAA
216,GCCGGGGGGGGGGGGGGGGGGGGGGGAATTTAAAAA
217,GCCGGGGGGGGGGGGGGGGGGGGGGGAATTTAAAAA
218,GCCGGGGGGGGGGGGGGGGGGGGGGGAATTTAAAAA
219,GCCGGGGGGGGGGGGGGGGGGGGGGGAATTTAAAAA
220,GCCGGGGGGGGGGGGGGGGGGGGGGGAATTTAAAAA
221,GCCGGGGGGGGGGGGGGGGGGGGGGGAATTTAAAAA
222,GCCGGGGGGGGGGGGGGGGGGGGGGGAATTTAAAAA
223,GCCGGGGGGGGGGGGGGGGGGGGGGGAATTTAAAAA
224,GCCGGGGGGGGGGGGGGGGGGGGGGGAATTTAAAAA
225,GCCGGGGGGGGGGGGGGGGGGGGGGGAATTTAAAAA
226,GCCGGGGGGGGGGGGGGGGGGGGGGGAATTTAAAAA
227,GCCGGGGGGGGGGGGGGGGGGGGGGGAATTTAAAAA
228,GCCGGGGGGGGGGGGGGGGGGGGGGGAATTTAAAAA
229,GCCGGGGGGGGGGGGGGGGGGGGGGGAATTTAAAAA
230,GCCGGGGGGGGGGGGGGGGGGGGGGGAATTTAAAAA
231,GCCGGGGGGGGGGGGGGGGGGGGGGGAATTTAAAAA
232,GCCGGGGGGGGGGGGGGGGGGGGGGGAATTTAAAAA
233,GCCGGGGGGGGGGGGGGGGGGGGGGGAATTTAAAAA
234,GCCGGGGGGGGGGGGGGGGGGGGGGGAATTTAAAAA
235,GCCGGGGGGGGGGGGGGGGGGGGGGGAATTTAAAAA
236,GCCGGGGGGGGGGGGGGGGGGGGGGGAATTTAAAAA
237,GCCGGGGGGGGGGGGGGGGGGGGGGGAATTTAAAAA
238,GCCGGGGGGGGGGGGGGGGGGGGGGGAATTTAAAAA
239,GCCGGGGGGGGGGGGGGGGGGGGGGGAATTTAAAAA
240,GCCGGGGGGGGGGGGGGGGGGGGGGGAATTTAAAAA
241,GCCGGGGGGGGGGGGGGGGGGGGGGGAATTTAAAAA
242,GCCGGGGGGGGGGGGGGGGGGGGGGGAATTTAAAAA
243,GCCGGGGGGGGGGGGGGGGGGGGGGGAATTTAAAAA
244,GCCGGGGGGGGGGGGGGGGGGGGGGGAATTTAAAAA
245,GCCGGGGGGGGGGGGGGGGGGGGGGGAATTTAAAAA
246,GCCGGGGGGGGGGGGGGGGGGGGGGGAATTTAAAAA
247,GCCGGGGGGGGGGGGGGGGGGGGGGGAATTTAAAAA
248,GCCGGGGGGGGGGGGGGGGGGGGGGGAATTTAAAAA
249,GCCGGGGGGGGGGGGGGGGGGGGGGGAATTTAAAAA
250,GCCGGGGGGGGGGGGGGGGGGGGGGGAATTTAAAAA
251,GCCGGGGGGGGGGGGGGGGGGGGGGGAATTTAAAAA
252,GCCGGGGGGGGGGGGGGGGGGGGGGGAATTTAAAAA
253,GCCGGGGGGGGGGGGGGGGGGGGGGGAATTTAAAAA
254,GCCGGGGGGGGGGGGGGGGGGGGGGGAATTTAAAAA
255,GCCGGGGGGGGGGGGGGGGGGGGGGGAATTTAAAAA
256,GCCGGGGGGGGGGGGGGGGGGGGGGGAATTTAAAAA
257,GCCGGGGGGGGGGGGGGGGGGGGGGGAATTTAAAAA
258,GCCGGGGGGGGGGGGGGGGGGGGGGGAATTTAAAAA
259,GCCGGGGGGGGGGGGGGGGGGGGGGGAATTTAAAAA
260,GCCGGGGGGGGGGGGGGGGGGGGGGGAATTTAAAAA
261,GCCGGGGGGGGGGGGGGGGGGGGGGGAATTTAAAAA
262,GCCGGGGGGGGGGGGGGGGGGGGGGGAATTTAAAAA
263,GCCGGGGGGGGGGGGGGGGGGGGGGGAATTTAAAAA
264,GCCGGGGGGGGGGGGGGGGGGGGGGGAATTTAAAAA
265,GCCGGGGGGGGGGGGGGGGGGGGGGGAATTTAAAAA
266,GCCGGGGGGGGGGGGGGGGGGGGGGGAATTTAAAAA
267,GCCGGGGGGGGGGGGGGGGGGGGGGGAATTTAAAAA
268,GCCGGGGGGGGGGGGGGGGGGGGGGGAATTTAAAAA
269,GCCGGGGGGGGGGGGGGGGGGGGGGGAATTTAAAAA
270,GCCGGGGGGGGGGGGGGGGGGGGGGGAATTTAAAAA
271,GCCGGGGGGGGGGGGGGGGGGGGGGGAATTTAAAAA
272,GCCGGGGGGGGGGGGGGGGGGGGGGGAATTTAAAAA
273,GCCGGGGGGGGGGGGGGGGGGGGGGGAATTTAAAAA
274,GCCGGGGGGGGGGGGGGGGGGGGGGGAATTTAAAAA
275,GCCGGGGGGGGGGGGGGGGGGGGGGGAATTTAAAAA
276,GCCGGGGGGGGGGGGGGGGGGGGGGGAATTTAAAAA
277,GCCGGGGGGGGGGGGGGGGGGGGGGGAATTTAAAAA
278,GCCGGGGGGGGGGGGGGGGGGGGGGGAATTTAAAAA
279,GCCGGGGGGGGGGGGGGGGGGGGGGGAATTTAAAAA
280,GCCGGGGGGGGGGGGGGGGGGGGGGGAATTTAAAAA
281,GCCGGGGGGGGGGGGGGGGGGGGGGGAATTTAAAAA
282,GCCGGGGGGGGGGGGGGGGGGGGGGGAATTTAAAAA
283,GCCGGGGGGGGGGGGGGGGGGGGGGGAATTTAAAAA
284,GCCGGGGGGGGGGGGGGGGGGGGGGGAATTTAAAAA
285,GCCGGGGGGGGGGGGGGGGGGGGGGGAATTTAAAAA
286,GCCGGGGGGGGGGGGGGGGGGGGGGGAATTTAAAAA
287,GCCGGGGGGGGGGGGGGGGGGGGGGGAATTTAAAAA
288,GCCGGGGGGGGGGGGGGGGGGGGGGGAATTTAAAAA
289,GCCGGGGGGGGGGGGGGGGGGGGGGGAATTTAAAAA
290,GCCGGGGGGGGGGGGGGGGGGGGGGGAATTTAAAAA
291,GCCGGGGGGGGGGGGGGGGGGGGGGGAATTTAAAAA
292,GCCGGGGGGGGGGGGGGGGGGGGGGGAATTTAAAAA
293,GCCGGGGGGGGGGGGGGGGGGGGGGGAATTTAAAAA
294,GCCGGGGGGGGGGGGGGGGGGGGGGGAATTTAAAAA
295,GCCGGGGGGGGGGGGGGGGGGGGGGGAATTTAAAAA
296,GCCGGGGGGGGGGGGGGGGGGGGGGGAATTTAAAAA
297,GCCGGGGGGGGGGGGGGGGGGGGGGGAATTTAAAAA
298,GCCGGGGGGGGGGGGGGGGGGGGGGGAATTTAAAAA
299,GCCGGGGGGGGGGGGGGGGGGGGGGGAATTTAAAAA
300,GCCGGGGGGGGGGGGGGGGGGGGGGGAATTTAAAAA
301,GCCGGGGGGGGGGGGGGGGGGGGGGGAATTTAAAAA
302,GCCGGGGGGGGGGGGGGGGGGGGGGGAATTTAAAAA
303,GCCGGGGGGGGGGGGGGGGGGGGGGGAATTTAAAAA
304,GCCGGGGGGGGGGGGGGGGGGGGGGGAATTTAAAAA
305,GCCGGGGGGGGGGGGGGGGGGGGGGGAATTTAAAAA
306,GCCGGGGGGGGGGGGGGGGGGGGGGGAATTTAAAAA
307,GCCGGGGGGGGGGGGGGGGGGGGGGGAATTTAAAAA
308,GCCGGGGGGGGGGGGGGGGGGGGGGGAATTTAAAAA
309,GCCGGGGGGGGGGGGGGGGGGGGGGGAATTTAAAAA
310,GCCGGGGGGGGGGGGGGGGGGGGGGGAATTTAAAAA
311,GCCGGGGGGGGGGGGGGGGGGGGGGGAATTTAAAAA
312,GCCGGGGGGGGGGGGGGGGGGGGGGGAATTTAAAAA
313,GCCGGGGGGGGGGGGGGGGGGGGGGGAATTTAAAAA
314,GCCGGGGGGGGGGGGGGGGGGGGGGGAATTTAAAAA
315,GCCGGGGGGGGGGGGGGGGGGGGGGGAATTTAAAAA
316,GCCGGGGGGGGGGGGGGGGGGGGGGGAATTTAAAAA
317,GCCGGGGGGGGGGGGGGGGGGGGGGGAATTTAAAAA
318,GCCGGGGGGGGGGGGGGGGGGGGGGGAATTTAAAAA
319,GCCGGGGGGGGGGGGGGGGGGGGGGGAATTTAAAAA
320,GCCGGGGGGGGGGGGGGGGGGGGGGGAATTTAAAAA
321,GCCGGGGGGGGGGGGGGGGGGGGGGGAATTTAAAAA
322,GCCGGGGGGGGGGGGGGGGGGGGGGGAATTTAAAAA
323,GCCGGGGGGGGGGGGGGGGGGGGGGGAATTTAAAAA
324,GCCGGGGGGGGGGGGGGGGGGGGGGGAATTTAAAAA
325,GCCGGGGGGGGGGGGGGGGGGGGGGGAATTTAAAAA
326,GCCGGGGGGGGGGGGGGGGGGGGGGGAATTTAAAAA
327,GCCGGGGGGGGGGGGGGGGGGGGGGGAATTTAAAAA
328,GCCGGGGGGGGGGGGGGGGGGGGGGGAATTTAAAAA
329,GCCGGGGGGGGGGGGGGGGGGGGGGGAATTTAAAAA
330,GCCGGGGGGGGGGGGGGGGGGGGGGGAATTTAAAAA
331,GCCGGGGGGGGGGGGGGGGGGGGGGGAATTTAAAAA
332,GCCGGGGGGGGGGGGGGGGGGGGGGGAATTTAAAAA
333,GCCGGGGGGGGGGGGGGGGGGGGGGGAATTTAAAAA
334,GCCGGGGGGGGGGGGGGGGGGGGGGGAATTTAAAAA
335,GCCGGGGGGGGGGGGGGGGGGGGGGGAATTTAAAAA
336,GCCGGGGGGGGGGGGGGGGGGGGGGGAATTTAAAAA
337,GCCGGGGGGGGGGGGGGGGGGGGGGGAATTTAAAAA
338,GCCGGGGGGGGGGGGGGGGGGGGGGGAATTTAAAAA
339,GCCGGGGGGGGGGGGGGGGGGGGGGGAATTTAAAAA
340,GCCGGGGGGGGGGGGGGGGGGGGGGGAATTTAAAAA
341,GCCGGGGGGGGGGGGGGGGGGGGGGGAATTTAAAAA
342,GCCGGGGGGGGGGGGGGGGGGGGGGGAATTTAAAAA
343,GCCGGGGGGGGGGGGGGGGGGGGGGGAATTTAAAAA
344,GCCGGGGGGGGGGGGGGGGGGGGGGGAATTTAAAAA
345,GCCGGGGGGGGGGGGGGGGGGGGGGGAATTTAAAAA
346,GCCGGGGGGGGGGGGGGGGGGGGGGGAATTTAAAAA
347,GCCGGGGGGGGGGGGGGGGGGGGGGGAATTTAAAAA
348,GCCGGGGGGGGGGGGGGGGGGGGGGGAATTTAAAAA
349,GCCGGGGGGGGGGGGGGGGGGGGGGGAATTTAAAAA
350,GCCGGGGGGGGGGGGGGGGGGGGGGGAATTTAAAAA
351,GCCGGGGGGGGGGGGGGGGGGGGGGGAATTTAAAAA
352,GCCGGGGGGGGGGGGGGGGGGGGGGGAATTTAAAAA
353,GCCGGGGGGGGGGGGGGGGGGGGGGGAATTTAAAAA
354,GCCGGGGGGGGGGGGGGGGGGGGGGGAATTTAAAAA
355,GCCGGGGGGGGGGGGGGGGGGGGGGGAATTTAAAAA
356,GCCGGGGGGGGGGGGGGGGGGGGGGGAATTTAAAAA
357,GCCGGGGGGGGGGGGGGGGGGGGGGGAATTTAAAAA
358,GCCGGGGGGGGGGGGGGGGGGGGGGGAATTTAAAAA
359,GCCGGGGGGGGGGGGGGGGGGGGGGGAATTTAAAAA
360,GCCGGGGGGGGGGGGGGGGGGGGGGGAATTTAAAAA
361,GCCGGGGGGGGGGGGGGGGGGGGGGGAATTTAAAAA
362,GCCGGGGGGGGGGGGGGGGGGGGGGGAATTTAAAAA
363,GCCGGGGGGGGGGGGGGGGGGGGGGGAATTTAAAAA
364,GCCGGGGGGGGGGGGGGGGGGGGGGGAATTTAAAAA
365,GCCGGGGGGGGGGGGGGGGGGGGGGGAATTTAAAAA
366,GCCGGGGGGGGGGGGGGGGGGGGGGGAATTTAAAAA
367,GCCGGGGGGGGGGGGGGGGGGGGGGGAATTTAAAAA
368,GCCGGGGGGGGGGGGGGGGGGGGGGGAATTTAAAAA
369,GCCGGGGGGGGGGGGGGGGGGGGGGGAATTTAAAAA
370,GCCGGGGGGGGGGGGGGGGGGGGGGGAATTTAAAAA
371,GCCGGGGGGGGGGGGGGGGGGGGGGGAATTTAAAAA
372,GCCGGGGGGGGGGGGGGGGGGGGGGGAATTTAAAAA
373,GCCGGGGGGGGGGGGGGGGGGGGGGGAATTTAAAAA
374,GCCGGGGGGGGGGGGGGGGGGGGGGGAATTTAAAAA
375,GCCGGGGGGGGGGGGGGGGGGGGGGGAATTTAAAAA
376,GCCGGGGGGGGGGGGGGGGGGGGGGGAATTTAAAAA
377,GCCGGGGGGGGGGGGGGGGGGGGGGGAATTTAAAAA
378,GCCGGGGGGGGGGGGGGGGGGGGGGGAATTTAAAAA
379,GCCGGGGGGGGGGGGGGGGGGGGGGGAATTTAAAAA
380,GCCGGGGGGGGGGGGGGGGGGGGGGGAATTTAAAAA
381,GCCGGGGGGGGGGGGGGGGGGGGGGGAATTTAAAAA
382,GCCGGGGGGGGGGGGGGGGGGGGGGGAATTTAAAAA
383,GCCGGGGGGGGGGGGGGGGGGGGGGGAATTTAAAAA
384,GCCGGGGGGGGGGGGGGGGGGGGGGGAATTTAAAAA
385,GCCGGGGGGGGGGGGGGGGGGGGGGGAATTTAAAAA
386,GCCGGGGGGGGGGGGGGGGGGGGGGGAATTTAAAAA
387,GCCGGGGGGGGGGGGGGGGGGGGGGGAATTTAAAAA
388,GCCGGGGGGGGGGGGGGGGGGGGGGGAATTTAAAAA
389,GCCGGGGGGGGGGGGGGGGGGGGGGGAATTTAAAAA
390,GCCGGGGGGGGGGGGGGGGGGGGGGGAATTTAAAAA
391,GCCGGGGGGGGGGGGGGGGGGGGGGGAATTTAAAAA
392,GCCGGGGGGGGGGGGGGGGGGGGGGGAATTTAAAAA
393,GCCGGGGGGGGGGGGGGGGGGGGGGGAATTTAAAAA
394,GCCGGGGGGGGGGGGGGGGGGGGGGGAATTTAAAAA
395,GCCGGGGGGGGGGGGGGGGGGGGGGGAATTTAAAAA
396,GCCGGGGGGGGGGGGGGGGGGGGGGGAATTTAAAAA
