,longest_common_substring_result
0,AATTTAA
1,AGCTTCA
2,TTA
3,AAGAGA
4,GCATCTCTGTTCCATGTTTCTAATGATTACTCATTCATTCGATATTACACAAGGA
5,A
6,
7,GTCACCA
8,ACAAAA
9,AC
10,CTGCAGCAA
11,AGGTGGGGC
12,GC
13,
14,
15,TCCAAACA
16,TTTAAAT
17,AAA
18,AAGAGA
19,CCGCAGC
20,G
21,
22,CATCATTG
23,AGGG
24,A
25,CTGCAGCAA
26,GGCTGGAGA
27,CT
28,
29,
30,
31,CCAACT
32,GTGTAAT
33,AA
34,AGAACTTTT
35,GCATCCTT
36,CTT
37,
38,GAATGAC
39,TGCACAA
40,G
41,GCTGCTGA
42,AAGTTTTTC
43,G
44,G
45,
46,TTAAAAAAAAATA
47,TTTTCG
48,TT
49,TACTTTT
50,TTTTCAAA
51,TTT
52,TT
53,GGCAGGA
54,TTTGTTTTT
55,G
56,CTGCAGCAA
57,AGAAGC
58,GAGC
59,G
60,
61,
62,
63,CTGACCCAC
64,AGCTTCA
65,C
66,GCAGCTGC
67,GCTGACAA
68,GC
69,
70,CAACAT
71,CAGGGAAG
72,CA
73,CCCTGGCC
74,ATCCTC
75,CC
76,
77,
78,ATTTGTGACTATGA
79,CTTGAAC
80,TT
81,CACAAT
82,GTGGG
83,T
84,T
85,TGGCAGCC
86,AAGCAG
87,CAG
88,CTGCAGCAA
89,GCTGCT
90,CTGC
91,CG
92,
93,
94,CTGACCCAC
95,CGGAGTA
96,CGA
97,CAATGCC
98,CTGCCAC
99,TGCC
100,C
101,TCCTGCAG
102,CATCTACA
103,TCA
104,CTGCAGCAA
105,TCGGACA
106,CG
107,
108,
109,ATTTGTGACTATGA
110,AGACCTA
111,CTA
112,TTTTTTT
113,CAAAAAG
114,
115,
116,TAGAAG
117,AGAGCCC
118,AGA
119,CTGCAGCAA
120,AAAAGCATC
121,GCAC
122,G
123,
124,
125,
126,
127,GGCTGGA
128,AGGCCTGG
129,CTGG
130,TGAGACA
131,GAAGAAA
132,AGA
133,
134,ACCTGTCAC
135,TGGGGGAA
136,T
137,GCAACAC
138,CTCAGT
139,CA
140,
141,
142,TCCAAACA
143,AAAAAAAAA
144,AAA
145,AAGAATC
146,TACCC
147,A
148,A
149,GGTGAC
150,AGGCTGG
151,GG
152,CTCAGTCC
153,GTTGCTGA
154,CTA
155,
156,
157,
158,CTGCTCA
159,TGATGC
160,TGT
161,TGGGGGA
162,GCCGCTGC
163,G
164,G
165,AAAATAC
166,CAGAAAT
167,AAAT
168,CTGCAGCAA
169,GAATAATG
170,G
171,
172,
173,ATTTGTGACTATGA
174,GCAGCCCC
175,G
176,GGGGCG
177,GGCTGGG
178,GG
179,G
180,CAGG
181,TGCAGAT
182,CAG
183,CTCAGTCC
184,GGAAGAT
185,AG
186,
187,
188,
189,
190,CTGACCCAC
191,CAAAAG
192,C
193,AGGAAA
194,AAGGA
195,AGGA
196,
197,GGTCTGC
198,GACCTGGAG
199,CTG
200,AAGAAGCT
201,TTGCCTA
202,CT
203,CT
204,
205,TCCAAACA
206,TGGCCAA
207,CCAA
208,AAACAT
209,CCCACTCA
210,CA
211,C
212,GGCTGCAG
213,TTGGGGTGG
214,GG
215,CTGCAGCAA
216,ACTGAA
217,CTG
218,G
219,
220,
221,CTGCTCA
222,ACTTCAT
223,TCA
224,ATGACACC
225,CATTTATAT
226,AA
227,A
228,AGCAGCTGA
229,CTGTTCC
230,CG
231,ACCAGACCC
232,TCCCTG
233,CCG
234,
235,
236,TTAAAAAAAAATA
237,GTGGGGT
238,T
239,CTCAGTCC
240,AAAAGC
241,AG
242,
243,AGCCCC
244,AAATTCAG
245,AG
246,AATCCCA
247,AAAAGCATC
248,ATC
249,A
250,
251,
252,
253,
254,
